dms,T,P,L,D,Catalysis
3720.23,360,6,3,2,5652
3720.58038841935,360,6,3.2,2.1,6646.752
3720.10996983815,360,6,3.4,2.2,7750.776
3721.78985064973,361,6.1,3.6,2.4,9766.656
3722.1209465963,362,6.1,3.8,2.4,10309.248
3723.77722130862,362,6.2,3.8,2.5,11186.25
3723.677112,363,6.3,4,2.6,12735.84
3725.17962777724,364,6.3,4.2,2.6,13372.631
3724.88137759029,364,6.4,4.2,2.7,14421.078
3725.54899551311,365,6.4,4.4,2.7,15107.796
3725.99424366102,365,6.5,4.4,2.8,16247.616
3727.19693335035,366,6.5,4.6,2.8,16986.144
3727.07761804924,366,6.6,4.6,2.9,18221.106
3728.08642916528,367,6.6,4.8,2.9,19013.328
3729.92645684515,368,6.7,5,3,21195
3729.04535860576,368,6.8,5,3.1,22631.55
3730.95565549113,369,6.8,5.2,3.1,23536.812
3730.66189374809,369,6.9,5.2,3.2,25079.808
3731.7438753411,370,6.9,5.4,3.2,26044.416
3732.0744593512,370,7,5.4,3.3,27697.626
3731.93580159437,371,7,5.6,3.3,28723.464
3732.92832937049,371,7.1,5.6,3.4,30490.565
3733.46106570456,372,7.2,5.8,3.5,33463.55
3744.351592,373,7.2,5.8,3.5,33463.55
3735.78534224493,374,7.2,5.8,3.5,33463.55
3735.78534224493,375,7.2,5.8,3.5,33463.55
3737.39703442682,376,7.2,5.8,3.5,33463.55
3738.170506,377,7.2,5.8,3.5,33463.55
3739.1586908744,378,7.2,5.8,3.5,33463.55
3744.9571554059,382,7.2,5.8,3.5,33463.55
3745.2640418527,383,7.2,5.8,3.5,33463.55
3747.13900120487,384,7.2,5.8,3.5,33463.55
3748.81264938937,385,7.2,5.8,3.5,33463.55
3753.26964974227,390,7.2,5.8,3.5,33463.55
3754.8466901147,391,7.2,5.8,3.5,33463.55
3755.46660566525,392,7.2,5.8,3.5,33463.55
3756.06961705192,393,7.2,5.8,3.5,33463.55
3757.26969015401,394,7.2,5.8,3.5,33463.55
3758.89167878419,395,7.2,5.8,3.5,33463.55
3760.25230269401,397,7.2,5.8,3.5,33463.55
3762.04122068517,398,7.2,5.8,3.5,33463.55
3762.6060508154,399,7.2,5.8,3.5,33463.55
3764.08844419001,400,7.2,5.8,3.5,33463.55
3765.19087573189,401,7.2,5.8,3.5,33463.55
3765.30861233755,402,7.2,5.8,3.5,33463.55
3766.49005936505,403,7.2,5.8,3.5,33463.55
3767.364874,404,7.2,5.8,3.5,33463.55
3768.83536717053,405,7.2,5.8,3.5,33463.55
3769.1920293614,406,7.2,5.8,3.5,33463.55
3771.46722326003,408,7.2,5.8,3.5,33463.55
3772.53036968284,409,7.2,5.8,3.5,33463.55
3733.46160141872,372,6,5.8,3.5,33463.55
3733.6889785366,372,6.2,5.8,3.5,33463.55
3733.58030356118,372,6.4,5.8,3.5,33463.55
3733.7789871848,372,6.6,5.8,3.5,33463.55
3733.61300810598,372,7,5.8,3.5,33463.55
3733.74272694993,372,7.4,5.8,3.5,33463.55
3733.67056607745,372,7.6,5.8,3.5,33463.55
3734.13232810414,372,7.8,5.8,3.5,33463.55
3733.97739224534,372,8,5.8,3.5,33463.55
3733.66211581651,372,8.2,5.8,3.5,33463.55
3733.57958078879,372,8.4,5.8,3.5,33463.55
3733.65335007517,372,8.6,5.8,3.5,33463.55
3734.05638268642,372,9,5.8,3.5,33463.55
3733.51010026336,372,9.2,5.8,3.5,33463.55
3733.3606715841,372,9.4,5.8,3.5,33463.55
3733.35727763685,372,9.6,5.8,3.5,33463.55
3733.34727294905,372,9.8,5.8,3.5,33463.55
3733.33942934929,372,10,5.8,3.5,33463.55
3733.30729399036,372,6.3,5.8,3.5,33463.55
3734.06007429721,372,6.5,5.8,3.5,33463.55
3733.80053585234,372,6.7,5.8,3.5,33463.55
3733.83392939534,372,7.1,5.8,3.5,33463.55
3733.95032245907,372,7.3,5.8,3.5,33463.55
3734.32982341553,372,7.5,5.8,3.5,33463.55
3733.41796905211,372,7.7,5.8,3.5,33463.55
3733.91088772007,372,7.9,5.8,3.5,33463.55
3733.52901314002,372,8.1,5.8,3.5,33463.55
3733.57477302432,372,8.3,5.8,3.5,33463.55
3733.31762256007,372,8.5,5.8,3.5,33463.55
3733.73382646265,372,8.9,5.8,3.5,33463.55
3733.95266659493,372,9.1,5.8,3.5,33463.55
3733.495305,372,9.3,5.8,3.5,33463.55
3733.35937525498,372,9.5,5.8,3.5,33463.55
3733.35459486659,372,9.7,5.8,3.5,33463.55
3734.57545948391,373,8.1,5.8,3.5,33463.55
3734.86266283058,373,8.2,5.8,3.5,33463.55
3735.20706097155,373,8.6,5.8,3.5,33463.55
3734.41551920634,373,8.7,5.8,3.5,33463.55
3734.38196200716,373,8.8,5.8,3.5,33463.55
3734.34784092853,373,8.9,5.8,3.5,33463.55
3734.93733887846,373,9,5.8,3.5,33463.55
3734.84825713911,373,9.3,5.8,3.5,33463.55
3734.83853395217,373,9.4,5.8,3.5,33463.55
3734.82914819594,373,9.5,5.8,3.5,33463.55
3734.8201000357,373,9.6,5.8,3.5,33463.55
3734.81138460599,373,9.7,5.8,3.5,33463.55
3734.80299883864,373,9.8,5.8,3.5,33463.55
3734.38503650211,373,9.9,5.8,3.5,33463.55
3735.28088617364,373,10,5.8,3.5,33463.55
3735.30949532012,374,6,5.8,3.5,33463.55
3735.77788197786,374,6.1,5.8,3.5,33463.55
3736.31626352208,374,6.2,5.8,3.5,33463.55
3736.02083393922,374,6.5,5.8,3.5,33463.55
3736.38228880148,374,6.6,5.8,3.5,33463.55
3735.88665910864,374,6.7,5.8,3.5,33463.55
3735.71804712906,374,6.8,5.8,3.5,33463.55
3735.29786378083,374,6.9,5.8,3.5,33463.55
3735.32983036074,374,7,5.8,3.5,33463.55
3735.33728023642,374,7.1,5.8,3.5,33463.55
3735.35046501765,374,7.3,5.8,3.5,33463.55
3735.35624635465,374,7.4,5.8,3.5,33463.55
3735.36288249233,374,7.5,5.8,3.5,33463.55
3735.38412037001,374,7.6,5.8,3.5,33463.55
3735.77396127225,374,8.2,5.8,3.5,33463.55
3735.73253818957,374,8.5,5.8,3.5,33463.55
3735.72731958553,374,8.6,5.8,3.5,33463.55
3735.69670324011,374,8.8,5.8,3.5,33463.55
3735.68377952752,374,8.9,5.8,3.5,33463.55
3736.86598015843,375,6.1,5.8,3.5,33463.55
3737.52047552448,375,6.2,5.8,3.5,33463.55
3737.51634531018,375,6.3,5.8,3.5,33463.55
3737.214065,375,6.4,5.8,3.5,33463.55
3736.62302688098,375,6.5,5.8,3.5,33463.55
3736.67318510343,375,6.6,5.8,3.5,33463.55
3737.38435228299,375,6.7,5.8,3.5,33463.55
3737.39663578523,375,6.8,5.8,3.5,33463.55
3737.40778904305,375,6.9,5.8,3.5,33463.55
3737.41786050785,375,7,5.8,3.5,33463.55
3737.43105442997,375,7.1,5.8,3.5,33463.55
3737.40629277653,375,7.7,5.8,3.5,33463.55
3737.33357493293,375,7.8,5.8,3.5,33463.55
3737.11802697453,375,7.9,5.8,3.5,33463.55
3737.11802697453,375,8,5.8,3.5,33463.55
3736.97900582421,375,8.1,5.8,3.5,33463.55
3737.16445043255,375,8.2,5.8,3.5,33463.55
3736.96373437401,375,8.4,5.8,3.5,33463.55
3736.62802688098,375,8.5,5.8,3.5,33463.55
3737.53357493293,375,8.6,5.8,3.5,33463.55
3737.596849,375,8.7,5.8,3.5,33463.55
3736.598745621352,375,8.8,5.8,3.5,33463.55
3737.951753258456,375,8.9,5.8,3.5,33463.55
3737.562148895325,375,9,5.8,3.5,33463.55
3738.53878207339,376,6,5.8,3.5,33463.55
3738.38000855188,376,6.3,5.8,3.5,33463.55
3738.37642747671,376,6.4,5.8,3.5,33463.55
3738.30437984265,376,6.5,5.8,3.5,33463.55
3738.36655948572,376,6.6,5.8,3.5,33463.55
3738.6512489572,376,6.7,5.8,3.5,33463.55
3738.596214875326658,376,6.8,5.8,3.5,33463.55
3738.69515824357,376,6.9,5.8,3.5,33463.55
3738.6521478512658,376,7,5.8,3.5,33463.55
3738.22605149516,376,7.1,5.8,3.5,33463.55
3738.6958231547,376,7.3,5.8,3.5,33463.55
3738.6695284235,376,7.4,5.8,3.5,33463.55
3738.592485,376,7.5,5.8,3.5,33463.55
3738.951247851235,376,7.6,5.8,3.5,33463.55
3738.259512623524,376,7.7,5.8,3.5,33463.55
3738.57543604958,376,7.8,5.8,3.5,33463.55
3738.48952584615,376,7.9,5.8,3.5,33463.55
3738.258852159547,376,8,5.8,3.5,33463.55
3738.69695124258632,376,8.1,5.8,3.5,33463.55
3738.957523684521,376,8.2,5.8,3.5,33463.55
3738.27795110913,376,8.3,5.8,3.5,33463.55
3738.2629584215,376,8.4,5.8,3.5,33463.55
3738.22584951268757,376,8.5,5.8,3.5,33463.55
3738.292482561254,376,8.6,5.8,3.5,33463.55
3738.28546258551,376,8.7,5.8,3.5,33463.55
3738.292654152583657,376,8.8,5.8,3.5,33463.55
3738.2952428251516,376,8.9,5.8,3.5,33463.55
3737.69159039569,376,9,5.8,3.5,33463.55
3739.21520039439,377,6.2,5.8,3.5,33463.55
3739.04832687925,377,6.3,5.8,3.5,33463.55
3739.15286,377,6.4,5.8,3.5,33463.55
3739.5223415854674172,377,6.5,5.8,3.5,33463.55
3739.515243424515566727,377,6.6,5.8,3.5,33463.55
3739.635445162538222314,377,6.7,5.8,3.5,33463.55
3739.5998235123451546446,377,6.8,5.8,3.5,33463.55
3739.04486440489,377,6.9,5.8,3.5,33463.55
3739.05142234554641,377,7,5.8,3.5,33463.55
3739.0522364857617288,377,7.1,5.8,3.5,33463.55
3739.0618253514254761275,377,7.3,5.8,3.5,33463.55
3738.90167096791,377,7.4,5.8,3.5,33463.55
3738.9599231268571,377,7.5,5.8,3.5,33463.55
3738.952231447512152223543,377,7.6,5.8,3.5,33463.55
3738.5162162453125,377,7.7,5.8,3.5,33463.55
3738.9628347162458373415,377,7.8,5.8,3.5,33463.55
3738.9658422358481,377,7.9,5.8,3.5,33463.55
3739.193522,377,8.1,5.8,3.5,33463.55
3739.159626485723,377,8.2,5.8,3.5,33463.55
3739.6851243585,377,8.3,5.8,3.5,33463.55
3739.1652321584,377,8.4,5.8,3.5,33463.55
3739.60739859732,377,8.5,5.8,3.5,33463.55
3739.6584211598562853,377,8.6,5.8,3.5,33463.55
3739.85216957833,377,8.7,5.8,3.5,33463.55
3739.659523528154,377,8.8,5.8,3.5,33463.55
3739.9528265472,377,8.9,5.8,3.5,33463.55
3740.37432756644,378,6,5.8,3.5,33463.55
3740.3596235832756644,378,6.1,5.8,3.5,33463.55
3740.3712513685432756644,378,6.2,5.8,3.5,33463.55
3740.38549395195,378,6.3,5.8,3.5,33463.55
3740.3685412585933,378,6.4,5.8,3.5,33463.55
3740.3883261587665943549395195,378,6.5,5.8,3.5,33463.55
3740.38549395195,378,6.6,5.8,3.5,33463.55
3740.38532158924547549395195,378,6.7,5.8,3.5,33463.55
3740.389632158472283549395195,378,6.8,5.8,3.5,33463.55
3740.38955346322549395195,378,6.9,5.8,3.5,33463.55
3740.35358668549395195,378,7,5.8,3.5,33463.55
3740.38401448195,378,7.1,5.8,3.5,33463.55
3740.3952824815735,378,7.3,5.8,3.5,33463.55
3740.392653245184278659452785,378,7.4,5.8,3.5,33463.55
3740.36954286352758828,378,7.5,5.8,3.5,33463.55
3740.395123522584658,378,7.6,5.8,3.5,33463.55
3740.369231255461953851,378,7.7,5.8,3.5,33463.55
3740.39523648512365,378,7.8,5.8,3.5,33463.55
3740.3215655239844852953,378,7.9,5.8,3.5,33463.55
3740.02624688494,378,8,5.8,3.5,33463.55
3740.06953158423575,378,8.1,5.8,3.5,33463.55
3740.02695135842577,378,8.2,5.8,3.5,33463.55
3740.26951585326995125865,378,8.3,5.8,3.5,33463.55
3740.06539562315848,378,8.4,5.8,3.5,33463.55
3740.052135846231571,378,8.5,5.8,3.5,33463.55
3740.03591542838658,378,8.6,5.8,3.5,33463.55
3740.09635275481228356,378,8.7,5.8,3.5,33463.55
3740.28986168652,378,8.8,5.8,3.5,33463.55
3740.23659852435679582316958,378,8.9,5.8,3.5,33463.55
3740.629352845875223591858234,378,9,5.8,3.5,33463.55
3741.3104365998,379,6,5.8,3.5,33463.55
3741.31649583515872554365998,379,6.1,5.8,3.5,33463.55
3741.19438318522,379,6.2,5.8,3.5,33463.55
3741.198532658515824358,379,6.3,5.8,3.5,33463.55
3741.2095326845722158,379,6.4,5.8,3.5,33463.55
3741.295325821225632158455,379,6.5,5.8,3.5,33463.55
3741.22356984152575,379,6.6,5.8,3.5,33463.55
3741.28053333151,379,6.7,5.8,3.5,33463.55
3741.25954782136584,379,6.8,5.8,3.5,33463.55
3741.25895823582,379,6.9,5.8,3.5,33463.55
3741.52865353528053333151,379,7,5.8,3.5,33463.55
3741.28053333151,379,7.1,5.8,3.5,33463.55
3741.280583525868353333151,379,7.3,5.8,3.5,33463.55
3741.285869694174414253053333151,379,7.4,5.8,3.5,33463.55
3741.25412368541258998053333151,379,7.5,5.8,3.5,33463.55
3741.2632251122289552228053333151,379,7.6,5.8,3.5,33463.55
3741.2623277413358521158053333151,379,7.7,5.8,3.5,33463.55
3741.52369845212366,379,7.8,5.8,3.5,33463.55
3741.35417610057,379,8,5.8,3.5,33463.55
3741.258495123684587,379,8.1,5.8,3.5,33463.55
3741.2695823581258,379,8.2,5.8,3.5,33463.55
3741.22859512365588542,379,8.3,5.8,3.5,33463.55
3741.29563584225856325,379,8.4,5.8,3.5,33463.55
3741.236459712653298376458721541,379,8.5,5.8,3.5,33463.55
3741.2956743821675947546382761,379,8.6,5.8,3.5,33463.55
3741.29758216419756785675947261,379,8.7,5.8,3.5,33463.55
3741.2542761492368787547215826,379,8.8,5.8,3.5,33463.55
3741.269514582357512,379,8.9,5.8,3.5,33463.55
3742.39108726167,379,9,5.8,3.5,33463.55
3742.40122127891,380,6.3,5.8,3.5,33463.55
3742.459156184156132,380,6.4,5.8,3.5,33463.55
3742.41269551258435741258,380,6.5,5.8,3.5,33463.55
3742.49512302584621,380,6.6,5.8,3.5,33463.55
3742.4512025621585,380,6.7,5.8,3.5,33463.55
3742.459123586741,380,6.8,5.8,3.5,33463.55
3742.495122843651,380,6.9,5.8,3.5,33463.55
3742.4512026658512,380,7,5.8,3.5,33463.55
3742.42102599522300,380,7.1,5.8,3.5,33463.55
3742.42512202556123,380,7.3,5.8,3.5,33463.55
3742.410239220258,380,7.4,5.8,3.5,33463.55
3742.4291023212701540,380,7.5,5.8,3.5,33463.55
3742.32094333353,380,7.6,5.8,3.5,33463.55
3742.302158516115918216216,380,7.7,5.8,3.5,33463.55
3742.324128425421754626151,380,7.8,5.8,3.5,33463.55
3742.395472626815437548711,380,7.9,5.8,3.5,33463.55
3742.35214512746832641215754268282,380,8,5.8,3.5,33463.55
3742.325246127236539142157427631,380,8.1,5.8,3.5,33463.55
3742.39512584260025,380,8.2,5.8,3.5,33463.55
3742.354792165681926526525,380,8.3,5.8,3.5,33463.55
3742.3581425246759142615292525,380,8.4,5.8,3.5,33463.55
3742.35984562115825,380,8.5,5.8,3.5,33463.55
3742.402691235851,380,8.6,5.8,3.5,33463.55
3742.4156216984956123165,380,8.7,5.8,3.5,33463.55
3742.3951654894561316894,380,8.8,5.8,3.5,33463.55
3742.3498515621694362828,380,8.9,5.8,3.5,33463.55
3742.93449680844,380,9,5.8,3.5,33463.55
3743.59047055528,381,6,5.8,3.5,33463.55
3743.61571223415,381,6.5,5.8,3.5,33463.55
3734.512658623587,381,6.6,5.8,3.5,33463.55
3734.61254236512899512,381,6.7,5.8,3.5,33463.55
3734.652359874561352,381,6.8,5.8,3.5,33463.55
3734.623598546125852,381,6.9,5.8,3.5,33463.55
3734.62120259820225,381,7,5.8,3.5,33463.55
3734.6215952338022741,381,7.1,5.8,3.5,33463.55
3734.612359752834128356290147,381,7.3,5.8,3.5,33463.55
3734.59526134628635672515485428,381,7.4,5.8,3.5,33463.55
3734.613589276214651935672457512462165252,381,7.5,5.8,3.5,33463.55
3734.61457261649549742683134262,381,7.6,5.8,3.5,33463.55
3734.623671254216734617516254525,381,7.7,5.8,3.5,33463.55
3734.624572154263268256721624,381,7.8,5.8,3.5,33463.55
3743.70889133329,381,8.2,5.8,3.5,33463.55
3743.7541202764203505,381,8.3,5.8,3.5,33463.55
3743.75142167243082405712541,381,8.4,5.8,3.5,33463.55
3743.71415795426724142275947216421,381,8.5,5.8,3.5,33463.55
3743.71751246129721641,381,8.6,5.8,3.5,33463.55
3743.79156521674726161525,381,8.7,5.8,3.5,33463.55
3743.72145217624146216549171,381,8.8,5.8,3.5,33463.55
3743.714591576246126411,381,8.9,5.8,3.5,33463.55
3743.57252698993,381,9,5.8,3.5,33463.55
3744.83601148935,382,6.7,5.8,3.5,33463.55
3744.864674481291264257584721541,382,6.8,5.8,3.5,33463.55
3744.819721642672401820125252,382,6.9,5.8,3.5,33463.55
3744.861451642517264316414,382,7,5.8,3.5,33463.55
3744.89142167514216736141,382,7.1,5.8,3.5,33463.55
3744.821542172612461249972424314,382,7.3,5.8,3.5,33463.55
3744.821451267216421542197,382,7.4,5.8,3.5,33463.55
3744.812426326526791264117,382,7.5,5.8,3.5,33463.55
3744.8124516497536821541871,382,7.6,5.8,3.5,33463.55
3744.821512426753895725414,382,7.7,5.8,3.5,33463.55
3744.812451276423691276172,382,7.8,5.8,3.5,33463.55
3744.8210259951235,382,7.9,5.8,3.5,33463.55
3744.50864135786,382,8.5,5.8,3.5,33463.55
3744.51245276182167254,382,8.6,5.8,3.5,33463.55
3744.52712642187265288,382,8.7,5.8,3.5,33463.55
3744.501276426829172467257217,382,8.8,5.8,3.5,33463.55
3744.50926271542167284267216717,382,8.9,5.8,3.5,33463.55
3744.5124672424612421764717,382,9,5.8,3.5,33463.55
3745.40133528059,383,6,5.8,3.5,33463.55
3745.42167246124214514,383,6.1,5.8,3.5,33463.55
3745.421267214515792463461,383,6.2,5.8,3.5,33463.55
3745.41942672468125428172176127,383,6.3,5.8,3.5,33463.55
3745.42617212461272762762467,383,6.4,5.8,3.5,33463.55
3745.41267145126721726726727,383,6.5,5.8,3.5,33463.55
3745.42156194889556152616,383,6.6,5.8,3.5,33463.55
3745.45307810435,383,6.7,5.8,3.5,33463.55
3745.4513216549851,383,6.8,5.8,3.5,33463.55
3745.45642642172386261277,383,6.9,5.8,3.5,33463.55
3745.4917612418724578,383,7,5.8,3.5,33463.55
3745.46216712421238191579127541,383,7.1,5.8,3.5,33463.55
3745.462175472164281717,383,7.3,5.8,3.5,33463.55
3745.461972152314218725417,383,7.4,5.8,3.5,33463.55
3745.451276246157972124512461,383,7.5,5.8,3.5,33463.55
3745.49516845135156,383,7.6,5.8,3.5,33463.55
3745.453467124517842164261,383,7.7,5.8,3.5,33463.55
3745.46127142617872541,383,7.8,5.8,3.5,33463.55
3745.45834245583,383,7.9,5.8,3.5,33463.55
3745.4591726245178712541,383,8,5.8,3.5,33463.55
3745.456852155458,383,8.1,5.8,3.5,33463.55
3745.4526551615781541251,383,8.2,5.8,3.5,33463.55
3745.4562617242157541,383,8.3,5.8,3.5,33463.55
3745.425172426127824167,383,8.4,5.8,3.5,33463.55
3745.426172418725264261,383,8.5,5.8,3.5,33463.55
3745.456127164217238282,383,8.6,5.8,3.5,33463.55
3745.46217629281279176287,383,8.7,5.8,3.5,33463.55
3745.4223127616828697246179,383,8.8,5.8,3.5,33463.55
3745.4217918262457,383,8.9,5.8,3.5,33463.55
3745.93608603315,383,9,5.8,3.5,33463.55
3746.81303899392,384,6,5.8,3.5,33463.55
3746.821562,384,6.1,5.8,3.5,33463.55
3746.83125984521,384,6.2,5.8,3.5,33463.55
3746.82154236585,384,6.3,5.8,3.5,33463.55
3746.35648569825,384,7.1,5.8,3.5,33463.55
3746.3215984562,384,7.3,5.8,3.5,33463.55
3746.325125846985,384,7.4,5.8,3.5,33463.55
3746.32516958423,384,7.5,5.8,3.5,33463.55
3746.32154125869,384,7.6,5.8,3.5,33463.55
3746.32514525136,384,7.7,5.8,3.5,33463.55
3746.319587458239,384,7.8,5.8,3.5,33463.55
3746.325951235841,384,7.9,5.8,3.5,33463.55
3746.315955642841,384,8,5.8,3.5,33463.55
3746.32654122523,384,8.1,5.8,3.5,33463.55
3746.3265148754738268,384,8.2,5.8,3.5,33463.55
3746.88880382385,384,8.9,5.8,3.5,33463.55
3746.93865327267,384,9,5.8,3.5,33463.55
3747.93019759674,385,7.6,5.8,3.5,33463.55
3747.9232145712431,385,7.7,5.8,3.5,33463.55
3747.924756421731,385,7.8,5.8,3.5,33463.55
3747.9217624312757,385,7.9,5.8,3.5,33463.55
3747.95254162412677,385,8,5.8,3.5,33463.55
3747.76951398832,385,8.1,5.8,3.5,33463.55
3747.7521416276142187571,385,8.2,5.8,3.5,33463.55
3747.75146262145171243176,385,8.3,5.8,3.5,33463.55
3747.75624517123421676,385,8.4,5.8,3.5,33463.55
3747.84515939276,385,8.5,5.8,3.5,33463.55
3747.865412372467,385,8.6,5.8,3.5,33463.55
3747.8654127342157,385,8.7,5.8,3.5,33463.55
3747.82415267243726,385,8.8,5.8,3.5,33463.55
3747.8326142175247,385,8.9,5.8,3.5,33463.55
3747.8264157262461,385,9,5.8,3.5,33463.55
3747.8252416276248,385,6,5.8,3.5,33463.55
3747.862512315468,385,6.1,5.8,3.5,33463.55
3748.06050420294,385,7.1,5.8,3.5,33463.55
3748.31363230107,385,7.4,5.8,3.5,33463.55
3740.19544102035,378,7.6,6,6,101736
3741.68826297438,379,7.8,6.4,6.8,139385.856
3721.2972083806,361,6,3.6,2.3,8969
3723.71208936674,363,6.2,4.0 ,2.5,11775
3747.47431202245,372,7.1,5.8,3.4,31579.608
3744.351592,373,7.2,6,3.5,34618.5
3742.47202497927,379,7.2,5.8,3.5,33463.55
3749.66118815841,386,7.2,5.8,3.5,33463.55
3750.97963344963,387,7.2,5.8,3.5,33463.55
3752.5264084063,388,7.2,5.8,3.5,33463.55
3753.55318077191,389,7.2,5.8,3.5,33463.55
3761.34342579055,396,7.2,5.8,3.5,33463.55
3770.1804357949,407,7.2,5.8,3.5,33463.55
3773.77363506542,410,7.2,5.8,3.5,33463.55
3734.12419605079,372,6.8,5.8,3.5,33463.55
3739.47361962081,372,8.8,5.8,3.5,33463.55
3734.5243525233,372,6.9,5.8,3.5,33463.55
3735.32241486133,372,8.7,5.8,3.5,33463.55
3744.69120276481,373,7.5,5.8,3.5,33463.55
3744.52230467426,373,7.6,5.8,3.5,33463.55
3744.35944901893,373,7.7,5.8,3.5,33463.55
3744.22749832147,373,7.8,5.8,3.5,33463.55
3744.12295261099,373,7.9,5.8,3.5,33463.55
3744.29817871766,373,8,5.8,3.5,33463.55
3765.81374935992,373,8.3,5.8,3.5,33463.55
3749.34584926064,373,8.4,5.8,3.5,33463.55
3736.11382918497,373,9.1,5.8,3.5,33463.55
3735.81309460688,373,9.2,5.8,3.5,33463.55
3736.95813244066,374,6.3,5.8,3.5,33463.55
3736.67754944846,374,6.4,5.8,3.5,33463.55
3735.79487374482,374,7.7,5.8,3.5,33463.55
3738.99547775003,374,7.8,5.8,3.5,33463.55
3738.4760092717,374,7.9,5.8,3.5,33463.55
3757.89072471119,374,8,5.8,3.5,33463.55
3742.23410804842,374,8.1,5.8,3.5,33463.55
3740.58334893623,374,8.3,5.8,3.5,33463.55
3740.41344502912,374,8.4,5.8,3.5,33463.55
3735.71927210521,374,8.7,5.8,3.5,33463.55
3735.67007712159,374,9,5.8,3.5,33463.55
3738.67465734606,375,6,5.8,3.5,33463.55
3737.73278996598,375,7.3,5.8,3.5,33463.55
3737.9854092492,375,7.4,5.8,3.5,33463.55
3738.08061198771,375,7.5,5.8,3.5,33463.55
3740.15687336317,375,7.6,5.8,3.5,33463.55
3738.48165586514,375,8.3,5.8,3.5,33463.55
3738.62810297335,376,6.1,5.8,3.5,33463.55
3739.06262291442,376,6.2,5.8,3.5,33463.55
3740.39158289303,377,6,5.8,3.5,33463.55
3740.67592618313,377,6.1,5.8,3.5,33463.55
3750.95918655916,377,8,5.8,3.5,33463.55
3739.51041788097,377,9,5.8,3.5,33463.55
3747.94436767188,379,7.9,5.8,3.5,33463.55
3743.88117093239,380,6,5.8,3.5,33463.55
3743.16514434929,380,6.1,5.8,3.5,33463.55
3742.19845821227,380,6.2,5.8,3.5,33463.55
3744.42238944092,381,6.1,5.8,3.5,33463.55
3744.42238944092,381,6.2,5.8,3.5,33463.55
3744.22881102864,381,6.3,5.8,3.5,33463.55
3744.1296137387,381,6.4,5.8,3.5,33463.55
3743.97036719948,381,7.9,5.8,3.5,33463.55
3743.9422429451,381,8,5.8,3.5,33463.55
3743.90212419936,381,8.1,5.8,3.5,33463.55
3745.60781893788,382,6,5.8,3.5,33463.55
3745.1542672981645154214,382,6.1,5.8,3.5,33463.55
3745.642174276124623528,382,6.2,5.8,3.5,33463.55
3745.1742651267261218188,382,6.3,5.8,3.5,33463.55
3745.6127241541298263175712,382,6.4,5.8,3.5,33463.55
3745.61791245179621642162677,382,6.5,5.8,3.5,33463.55
3745.9127621642195326857124,382,6.6,5.8,3.5,33463.55
3745.00072852029,382,8,5.8,3.5,33463.55
3745.002142167216237013,382,8.1,5.8,3.5,33463.55
3745.012464247924683164141,382,8.2,5.8,3.5,33463.55
3745.00142627654286547218412761,382,8.3,5.8,3.5,33463.55
3745.001724617921761279729,382,8.4,5.8,3.5,33463.55
3748.50988715769,384,6.4,5.8,3.5,33463.55
3748.5275421117,384,6.5,5.8,3.5,33463.55
3748.526924751487152137,384,6.6,5.8,3.5,33463.55
3748.562143175412717,384,6.7,5.8,3.5,33463.55
3748.56241521314518741,384,6.8,5.8,3.5,33463.55
3748.5623854215715421671,384,6.9,5.8,3.5,33463.55
3748.5611452171451877,384,7,5.8,3.5,33463.55
3751.04622686166,384,8.3,5.8,3.5,33463.55
3751.0654272314215,384,8.4,5.8,3.5,33463.55
3751.065427134158,384,8.5,5.8,3.5,33463.55
3751.04216754187672,384,8.6,5.8,3.5,33463.55
3751.0420173152710217,384,8.7,5.8,3.5,33463.55
3751.0462175184167241818,384,8.8,5.8,3.5,33463.55
3749.65309677825,385,6.2,5.8,3.5,33463.55
3749.36848469313,385,6.3,5.8,3.5,33463.55
3747.81988730387,385,7.3,5.8,3.5,33463.55
3742.8136198637,380,8,7.4,7.8,212051.736
